model,AP,AP50,AP75,APs,APm,APl
retinanet_r50,0.4269476173431,0.6309501603790886,0.4473959969865786,0.2549495413561987,0.46206572382113353,0.5856582709111943
fcos_r50,0.39075391653718844,0.5817831001545771,0.41673216246758277,0.20847682150019117,0.4247334471609948,0.5604136546933605
efficientdet_d4,0.48027217169769737,0.675613662530566,0.5093575064054027,0.2986427092201085,0.5135004642404137,0.6703501694333794
efficientdet_d5,0.4986706171784188,0.6939331027418852,0.5363793555518191,0.3246298826208426,0.5326272659787012,0.676834042382715
efficientdet_d6,0.5053907220490931,0.7037299360047977,0.5382333704941807,0.33111767053871927,0.5418079097351839,0.681261165344484
