model,mean_ms,std_ms,min_ms,max_ms,fps
retinanet_r50,62.555843681335446,2.8101650050515277,54.602718353271484,84.73139190673828,15.985716779619844
fcos_r50,55.35689401245117,15.992037380310432,47.21311950683594,249.3868408203125,18.06459733407504
efficientdet_d4,60.15352214431763,16.921087372043484,51.02211380004883,372.4025573730469,16.624130464062354
efficientdet_d5,70.77920594787598,13.366953288672152,63.69500732421875,229.3152618408203,14.128443327499765
efficientdet_d6,99.43833483886719,1.4769234135397449,94.98722839355469,113.43555450439453,10.056483765747178
